{"assets/.env":["assets/.env"],"assets/about.pdf":["assets/about.pdf"],"assets/guide.pdf":["assets/guide.pdf"],"assets/images/Tatenda.jpg":["assets/images/Tatenda.jpg"],"assets/images/back.jpg":["assets/images/back.jpg"],"assets/images/back3.png":["assets/images/back3.png"],"assets/images/backgr.png":["assets/images/backgr.png"],"assets/images/hr.png":["assets/images/hr.png"],"assets/images/lg.png":["assets/images/lg.png"],"assets/images/p0.jpg":["assets/images/p0.jpg"],"assets/images/p2.jpg":["assets/images/p2.jpg"],"assets/images/p3.jpg":["assets/images/p3.jpg"],"assets/images/p4.jpg":["assets/images/p4.jpg"],"assets/model.png":["assets/model.png"],"assets/terms.pdf":["assets/terms.pdf"],"packages/cupertino_icons/assets/CupertinoIcons.ttf":["packages/cupertino_icons/assets/CupertinoIcons.ttf"],"packages/currency_picker/lib/src/res/no_flag.png":["packages/currency_picker/lib/src/res/no_flag.png"],"packages/currency_picker/lib/src/res/xof.png":["packages/currency_picker/lib/src/res/xof.png"],"packages/fluttertoast/assets/toastify.css":["packages/fluttertoast/assets/toastify.css"],"packages/fluttertoast/assets/toastify.js":["packages/fluttertoast/assets/toastify.js"],"packages/font_awesome_flutter/lib/fonts/fa-brands-400.ttf":["packages/font_awesome_flutter/lib/fonts/fa-brands-400.ttf"],"packages/font_awesome_flutter/lib/fonts/fa-regular-400.ttf":["packages/font_awesome_flutter/lib/fonts/fa-regular-400.ttf"],"packages/font_awesome_flutter/lib/fonts/fa-solid-900.ttf":["packages/font_awesome_flutter/lib/fonts/fa-solid-900.ttf"],"packages/syncfusion_flutter_datagrid/assets/font/FilterIcon.ttf":["packages/syncfusion_flutter_datagrid/assets/font/FilterIcon.ttf"],"packages/syncfusion_flutter_datagrid/assets/font/UnsortIcon.ttf":["packages/syncfusion_flutter_datagrid/assets/font/UnsortIcon.ttf"],"packages/timezone/data/latest_all.tzf":["packages/timezone/data/latest_all.tzf"]}